Brand,Fragrance,1ml,5ml,10ml
Amouage,Enclave,12,25,40
Amouage,Figment Man,13,31,52
Amouage,Interlude Man,12,25,40
Amouage,Lyric Man,12,25,40
Bond No. 9,Bryant Park,12,25,40
Bond No. 9,Madison Square Park,12,25,40
Byredo,De Los Santos,12,25,40
Byredo,Mixed Emotions,12,25,40
Commodity,Paper +,12,25,40
D.S. & Durga,Coriander,11,23,36
D.S. & Durga,Cowboy Grass,11,23,36
Giardini Di Toscana,Bianco Latte,12,25,40
Initio,Absolute Aphrodisiac,12,27,42
Initio,Blessed Baraka,12,26,41
Initio,Oud For Greatness,12,28,46
Initio,Rehab,12,26,41
Initio,Side Effect,12,28,46
Kilian,Black Phantom,12,28,46
Kilian,L'Heure Verte,12,28,46
Kilian,Moonlight In Heaven,12,28,46
Le Labo,Santal 33,12,27,42
M. Micallef,DesirToxic,12,23,36
M. Micallef,EdenFalls,12,23,36
M. Micallef,Osaito,12,23,36
Maison Margiela,Coffee Break,11,23,36
Orto Parisi,Megamare,13,32,54
Parfums De Marly,Carlisle,12,27,42
Parfums De Marly,Galloway,12,23,36
Parfums De Marly,Godolphin,12,23,36
Parfums De Marly,Greenley,12,23,36
Parfums De Marly,Herod,12,26,41
Parfums De Marly,Layton,12,23,36
Parfums De Marly,Layton Exclusif,12,28,44
Parfums De Marly,Pegasus,12,23,36
Parfums De Marly,Pegasus Exclusif,12,28,44
Parfums De Marly,Sedley,12,23,36
Penhaligon's,Blazing Mr. Sam,15,34,59
Penhaligon's,Terrible Teddy,15,34,59
Tom Ford,Bois Marocain,12,28,44
Tom Ford,Costa Azzura (PB),12,28,44
Tom Ford,Fucking Fabulous,12,28,44
Tom Ford,Mandarino Di Amalfi,12,28,44
Tom Ford,Neroli Portofino,12,28,44
Tom Ford,Noir de Noir,12,28,44
Tom Ford,Oud Wood,12,28,44
Tom Ford,Rose D'Amalfi,12,28,44
Tom Ford,Rose Prick,12,28,44
Tom Ford,Tobacco Vanille,13,32,54
Tom Ford,Vanille Fatale,13,32,54
Tom Ford,White Suede,12,28,44
Xerjoff,40 Knots,12,25,40
Xerjoff,Alexandria II,13,32,54
Xerjoff,Decas,12,25,40
Xerjoff,Erba Pura,12,25,40
Xerjoff,Kobe,12,28,46
Xerjoff,Mamluk,12,28,46
Xerjoff,More Than Words,12,25,40
Xerjoff,Naxos,12,28,46
Xerjoff,Renaissance,12,25,40
Xerjoff,Starlight,13,31,52
Xerjoff,Zefiro,12,25,40
